{
  "task_id": 4,
  "worker_id": 1,
  "worker_name": "medium",
  "learning_rate": 0.0006358358856676251,
  "batch_size": 128,
  "num_epochs": 2,
  "dataset": "mnist",
  "seed": 42,
  "run_id": "mnist_seed42_1783323025",
  "accuracy": 98.84,
  "runtime": 165.1703324317932,
  "timestamp": "2026-07-06T07:37:48.851708"
}