{
  "task_id": 1,
  "worker_id": 1,
  "worker_name": "medium",
  "learning_rate": 0.0015702970884055383,
  "batch_size": 16,
  "num_epochs": 2,
  "dataset": "fashionmnist",
  "seed": 42,
  "run_id": "fashionmnist_seed42_1783324284",
  "accuracy": 86.38,
  "runtime": 250.3369538784027,
  "timestamp": "2026-07-06T07:55:36.305685"
}