{
  "task_id": 8,
  "worker_id": 2,
  "worker_name": "fast",
  "learning_rate": 0.0015930562470359165,
  "batch_size": 16,
  "num_epochs": 2,
  "dataset": "mnist",
  "seed": 42,
  "run_id": "mnist_seed42_1783323025",
  "accuracy": 98.62,
  "runtime": 225.00544214248657,
  "timestamp": "2026-07-06T07:44:30.613721"
}