{
  "task_id": 0,
  "worker_id": 0,
  "worker_name": "slow",
  "learning_rate": 0.00013292918943162154,
  "batch_size": 16,
  "num_epochs": 2,
  "dataset": "mnist",
  "seed": 42,
  "run_id": "mnist_seed42_1783322354",
  "accuracy": 98.49,
  "runtime": 220.04407858848572,
  "timestamp": "2026-07-06T07:22:55.283287"
}