{
  "task_id": 5,
  "worker_id": 2,
  "worker_name": "fast",
  "learning_rate": 1.1527987128232411e-05,
  "batch_size": 32,
  "num_epochs": 4,
  "dataset": "fashionmnist",
  "seed": 42,
  "run_id": "fashionmnist_seed42_1783324284",
  "accuracy": 75.31,
  "runtime": 504.0937271118164,
  "timestamp": "2026-07-06T08:04:12.775002"
}