{
  "task_id": 5,
  "worker_id": 2,
  "worker_name": "fast",
  "learning_rate": 1.1527987128232411e-05,
  "batch_size": 32,
  "num_epochs": 4,
  "dataset": "mnist",
  "seed": 42,
  "run_id": "mnist_seed42_1783283687",
  "accuracy": 95.71,
  "runtime": 331.73935103416443,
  "timestamp": "2026-07-05T20:40:19.698949"
}