{
  "task_id": 4,
  "worker_id": 1,
  "worker_name": "medium",
  "learning_rate": 0.0006358358856676251,
  "batch_size": 128,
  "num_epochs": 2,
  "dataset": "fashionmnist",
  "seed": 42,
  "run_id": "fashionmnist_seed42_1783324284",
  "accuracy": 83.65,
  "runtime": 179.2988121509552,
  "timestamp": "2026-07-06T07:58:47.818247"
}