{
  "task_id": 10,
  "worker_id": 1,
  "worker_name": "medium",
  "learning_rate": 0.0011490346616639295,
  "batch_size": 16,
  "num_epochs": 2,
  "dataset": "mnist",
  "seed": 42,
  "run_id": "mnist_seed42_1783323025",
  "accuracy": 98.78,
  "runtime": 310.1918513774872,
  "timestamp": "2026-07-06T07:51:06.364280"
}