{
  "task_id": 2,
  "worker_id": 2,
  "worker_name": "fast",
  "learning_rate": 2.9380279387035327e-05,
  "batch_size": 64,
  "num_epochs": 2,
  "dataset": "mnist",
  "seed": 42,
  "run_id": "mnist_seed42_1783319962",
  "accuracy": 95.35,
  "runtime": 190.94607830047607,
  "timestamp": "2026-07-06T06:42:39.278664"
}