{
  "task_id": 3,
  "worker_id": 0,
  "worker_name": "slow",
  "learning_rate": 1.493656855461764e-05,
  "batch_size": 128,
  "num_epochs": 2,
  "dataset": "fashionmnist",
  "seed": 42,
  "run_id": "fashionmnist_seed42_1783324284",
  "accuracy": 71.43,
  "runtime": 194.54953336715698,
  "timestamp": "2026-07-06T07:59:03.035065"
}