{
  "task_id": 8,
  "worker_id": 2,
  "worker_name": "fast",
  "learning_rate": 0.0015864843915689363,
  "batch_size": 16,
  "num_epochs": 2,
  "dataset": "fashionmnist",
  "seed": 42,
  "run_id": "fashionmnist_seed42_1783324284",
  "accuracy": 87.08,
  "runtime": 249.45555472373962,
  "timestamp": "2026-07-06T08:08:36.284538"
}