{
  "task_id": 4,
  "worker_id": 1,
  "worker_name": "medium",
  "learning_rate": 0.0006358358856676251,
  "batch_size": 128,
  "num_epochs": 2,
  "dataset": "mnist",
  "seed": 42,
  "run_id": "mnist_seed42_1783283687",
  "accuracy": 98.84,
  "runtime": 148.26724886894226,
  "timestamp": "2026-07-05T20:37:16.011459"
}