{
  "task_id": 7,
  "worker_id": 1,
  "worker_name": "medium",
  "learning_rate": 0.001593020080832749,
  "batch_size": 16,
  "num_epochs": 2,
  "dataset": "mnist",
  "seed": 42,
  "run_id": "mnist_seed42_1783323025",
  "accuracy": 98.98,
  "runtime": 292.6870334148407,
  "timestamp": "2026-07-06T07:45:38.181425"
}