{
  "task_id": 3,
  "worker_id": 0,
  "worker_name": "slow",
  "learning_rate": 1.493656855461764e-05,
  "batch_size": 128,
  "num_epochs": 2,
  "dataset": "mnist",
  "seed": 42,
  "run_id": "mnist_seed42_1783281105",
  "accuracy": 87.27,
  "runtime": 165.49536561965942,
  "timestamp": "2026-07-05T19:54:31.219418"
}