{
  "task_id": 2,
  "worker_id": 2,
  "worker_name": "fast",
  "learning_rate": 2.9380279387035327e-05,
  "batch_size": 64,
  "num_epochs": 2,
  "dataset": "mnist",
  "seed": 42,
  "run_id": "mnist_seed42_1783323025",
  "accuracy": 95.35,
  "runtime": 157.08464002609253,
  "timestamp": "2026-07-06T07:33:03.987219"
}