{
  "task_id": 2,
  "worker_id": 2,
  "worker_name": "fast",
  "learning_rate": 2.9380279387035327e-05,
  "batch_size": 64,
  "num_epochs": 2,
  "dataset": "fashionmnist",
  "seed": 42,
  "run_id": "fashionmnist_seed42_1783324284",
  "accuracy": 74.34,
  "runtime": 224.83088898658752,
  "timestamp": "2026-07-06T07:55:10.701947"
}