{
  "task_id": 0,
  "worker_id": 0,
  "worker_name": "slow",
  "learning_rate": 0.00013292918943162154,
  "batch_size": 16,
  "num_epochs": 2,
  "dataset": "fashionmnist",
  "seed": 42,
  "run_id": "fashionmnist_seed42_1783324284",
  "accuracy": 83.15,
  "runtime": 236.7230031490326,
  "timestamp": "2026-07-06T07:55:22.384089"
}