{
  "task_id": 9,
  "worker_id": 0,
  "worker_name": "slow",
  "learning_rate": 0.000989464935728289,
  "batch_size": 128,
  "num_epochs": 2,
  "dataset": "mnist",
  "seed": 42,
  "run_id": "mnist_seed42_1783323025",
  "accuracy": 98.88,
  "runtime": 162.14922380447388,
  "timestamp": "2026-07-06T07:48:38.206798"
}