{
  "task_id": 10,
  "worker_id": 1,
  "worker_name": "medium",
  "learning_rate": 0.0020272417379190314,
  "batch_size": 16,
  "num_epochs": 2,
  "dataset": "fashionmnist",
  "seed": 42,
  "run_id": "fashionmnist_seed42_1783324284",
  "accuracy": 86.64,
  "runtime": 244.1981189250946,
  "timestamp": "2026-07-06T08:13:25.899789"
}