{
  "task_id": 11,
  "worker_id": 2,
  "worker_name": "fast",
  "learning_rate": 0.0020265749541655787,
  "batch_size": 16,
  "num_epochs": 2,
  "dataset": "fashionmnist",
  "seed": 42,
  "run_id": "fashionmnist_seed42_1783324284",
  "accuracy": 85.3,
  "runtime": 241.5537645816803,
  "timestamp": "2026-07-06T08:13:23.410304"
}