{
  "task_id": 5,
  "worker_id": 2,
  "worker_name": "fast",
  "learning_rate": 1.1527987128232411e-05,
  "batch_size": 32,
  "num_epochs": 6,
  "dataset": "mnist",
  "seed": 42,
  "run_id": "mnist_seed42_1783281105",
  "accuracy": 96.78,
  "runtime": 492.1076760292053,
  "timestamp": "2026-07-05T19:59:58.023021"
}