{
  "task_id": 6,
  "worker_id": 0,
  "worker_name": "slow",
  "learning_rate": 0.001554710945680466,
  "batch_size": 16,
  "num_epochs": 2,
  "dataset": "fashionmnist",
  "seed": 42,
  "run_id": "fashionmnist_seed42_1783324284",
  "accuracy": 86.27,
  "runtime": 243.81673097610474,
  "timestamp": "2026-07-06T08:08:30.433242"
}