{
  "task_id": 3,
  "worker_id": 0,
  "worker_name": "slow",
  "learning_rate": 1.493656855461764e-05,
  "batch_size": 128,
  "num_epochs": 2,
  "dataset": "mnist",
  "seed": 42,
  "run_id": "mnist_seed42_1783320285",
  "accuracy": 87.27,
  "runtime": 182.81952595710754,
  "timestamp": "2026-07-06T06:47:49.427978"
}