{
  "task_id": 9,
  "worker_id": 0,
  "worker_name": "slow",
  "learning_rate": 0.0020293308482013826,
  "batch_size": 16,
  "num_epochs": 2,
  "dataset": "fashionmnist",
  "seed": 42,
  "run_id": "fashionmnist_seed42_1783324284",
  "accuracy": 86.47,
  "runtime": 308.68575620651245,
  "timestamp": "2026-07-06T08:14:30.270521"
}