{
  "task_id": 1,
  "worker_id": 1,
  "worker_name": "medium",
  "learning_rate": 0.0015702970884055383,
  "batch_size": 16,
  "num_epochs": 2,
  "dataset": "mnist",
  "seed": 42,
  "run_id": "mnist_seed42_1783280599",
  "accuracy": 98.97,
  "runtime": 235.25765538215637,
  "timestamp": "2026-07-05T19:47:19.509425"
}