{
  "task_id": 7,
  "worker_id": 1,
  "worker_name": "medium",
  "learning_rate": 0.0015852978122479974,
  "batch_size": 16,
  "num_epochs": 2,
  "dataset": "fashionmnist",
  "seed": 42,
  "run_id": "fashionmnist_seed42_1783324284",
  "accuracy": 86.07,
  "runtime": 290.6951696872711,
  "timestamp": "2026-07-06T08:09:17.415023"
}