{
  "task_id": 11,
  "worker_id": 2,
  "worker_name": "fast",
  "learning_rate": 0.0011482474222378894,
  "batch_size": 16,
  "num_epochs": 2,
  "dataset": "mnist",
  "seed": 42,
  "run_id": "mnist_seed42_1783323025",
  "accuracy": 98.97,
  "runtime": 219.2548384666443,
  "timestamp": "2026-07-06T07:49:35.541088"
}